rally,start_time,end_time,who_served,shots,notes
1,:8.14,:13.86,user,5,ended with partner hitting drive and missed by opponent.  Winning shot bounced in on opponents side 
2,:24.83,:30.04,user,4,shot 4 was hit into the net by opponent  
3,:39.7,:41.62,user,1,serve was out. Hit long.
4,:57.8,01:17.0,partner,19,winning shot was by partner. Ball bounced on opposing side and noone hit it back
5,1:26,01:32.2,partner,5,winning shot by partner. Ball bounced on opposing side and noone hit it back
6,01:44.0,1:47,partner,2,return was hit long
7,01:53.0,01:58.0,partner,4,opponent hit winning shot at feet of user.  User hit the ball but it did Not go back over the net.
8,02:13.9,02:22.9,opponent,9,opponent hit last shot out of bounds
9,02:30.3,02:34.3,opponent,3,opponent hit last shot over the net and user could not get to it 
10,02:45.2,02:53.7,opponent,7,opponent hit shot that went long
